Sample,ring,troph,schizont
s_1,0.183,0.704,0.113
s_2,0.183,0.572,0.245
s_3,0.145,0.298,0.557
s_4,0.251,0.487,0.262
s_5,0.141,0.554,0.305
s_6,0.261,0.454,0.285
s_7,0.192,0.652,0.156
s_8,0.184,0.46,0.356
s_9,0.196,0.434,0.37
s_10,0.277,0.49,0.233
s_11,0.328,0.365,0.307
s_12,0.206,0.646,0.148
s_13,0.318,0.383,0.299
s_14,0.197,0.481,0.322
s_15,0.24,0.468,0.292
s_16,0.257,0.527,0.216
s_17,0.474,0.25,0.276
s_18,0.247,0.411,0.342
s_19,0.476,0.362,0.162
s_20,0.161,0.567,0.272
s_21,0.158,0.474,0.368
s_22,0.317,0.468,0.215
s_23,0.216,0.523,0.261
s_24,0.217,0.545,0.238
s_25,0.24,0.345,0.415
s_26,0.158,0.632,0.21
s_27,0.193,0.596,0.211
s_28,0.37,0.371,0.259
s_29,0.264,0.509,0.227
s_30,0.181,0.567,0.252
s_31,0.269,0.47,0.261
s_32,0.142,0.532,0.326
s_33,0.245,0.452,0.303
s_34,0.392,0.456,0.152
s_35,0.243,0.33,0.427
s_36,0.266,0.528,0.206
s_37,0.196,0.675,0.129
s_38,0.274,0.403,0.323
s_39,0.275,0.571,0.154
s_40,0.089,0.455,0.456
s_41,0.188,0.286,0.526
s_42,0.143,0.492,0.365
s_43,0.2,0.373,0.427
s_44,0.094,0.685,0.221
s_45,0.303,0.385,0.312
s_46,0.472,0.279,0.249
s_47,0.298,0.455,0.247
s_48,0.33,0.462,0.208
s_49,0.306,0.305,0.389
s_50,0.214,0.576,0.21
s_51,0.233,0.43,0.337
s_52,0.128,0.614,0.258
s_53,0.115,0.287,0.598
s_54,0.418,0.444,0.138
s_55,0.159,0.403,0.438
s_56,0.233,0.541,0.226
s_57,0.159,0.581,0.26
s_58,0.446,0.363,0.191
s_59,0.201,0.378,0.421
s_60,0.244,0.513,0.243
s_61,0.355,0.346,0.299
s_62,0.18,0.403,0.417
s_63,0.333,0.469,0.198
s_64,0.33,0.527,0.143
s_65,0.349,0.432,0.219
s_66,0.138,0.654,0.208
s_67,0.194,0.597,0.209
s_68,0.196,0.43,0.374
s_69,0.175,0.423,0.402
s_70,0.358,0.476,0.166
s_71,0.271,0.549,0.18
s_72,0.331,0.545,0.124
s_73,0.206,0.506,0.288
s_74,0.328,0.545,0.127
s_75,0.148,0.421,0.431
s_76,0.37,0.402,0.228
s_77,0.177,0.495,0.328
s_78,0.147,0.422,0.431
s_79,0.403,0.371,0.226
s_80,0.207,0.659,0.134
s_81,0.322,0.573,0.105
s_82,0.334,0.242,0.424
s_83,0.22,0.55,0.23
s_84,0.268,0.392,0.34
s_85,0.145,0.371,0.484
s_86,0.228,0.655,0.117
s_87,0.457,0.38,0.163
s_88,0.227,0.527,0.246
s_89,0.134,0.509,0.357
s_90,0.38,0.397,0.223
s_91,0.362,0.414,0.224
s_92,0.271,0.289,0.44
s_93,0.191,0.498,0.311
s_94,0.143,0.636,0.221
s_95,0.206,0.498,0.296
s_96,0.183,0.627,0.19
s_97,0.256,0.439,0.305
s_98,0.162,0.629,0.209
s_99,0.265,0.396,0.339
s_100,0.284,0.355,0.361
